username,password
james,25d55ad283aa400af464c76d713c07ad
mary,3899dcbab79f92af727c2190bbd8abc5
john,0571749e2ac330a7455809c6b0e7af90
patricia,4297f44b13955235245b2497399d7a93
robert,eb0a191797624dd3a48fa681d3061212
jennifer,bee783ee2974595487357e195ef38ca2
michael,0acf4539a14b3aa27deeb4cbdf6e989f
linda,7c6a180b36896a0a8c02787eeafb0e4c
william,40be4e59b9a2a2b5dffb918c0e86b3d7
elizabeth,0acf4539a14b3aa27deeb4cbdf6e989f
david,110d46fcd978c24f306cd7fa23464d73
barbara,bee783ee2974595487357e195ef38ca2
richard,adff44c5102fca279fce7559abf66fee
